-- Postignuća
INSERT INTO postignuce (id_postignuce, naziv, opis) VALUES
(1, 'Brončana odlučnost', '3 dana bez unosa nikotina'),
(2, 'Srebrna odlučnost', '10 dana bez unosa nikotina'),
(3, 'Zlatna odlučnost', '30 dana bez unosa nikotina'),
(4, 'Brončani napredak', '25% manji unos'),
(5, 'Srebrni napredak', '50% manji unos'),
(6, 'Zlatni napredak', 'Oslobođen nikotina'),
(7, 'Platinasta odlučnost', '60 dana bez unosa nikotina'),
(8, 'Dijamantna odlučnost', '100 dana bez unosa nikotina'),
(9, 'Super napredak', '75% manji unos'),
(10, 'Heroj bez nikotina', '365 dana bez nikotina');

-- Vremenska postignuća
INSERT INTO vremensko_postignuce (broj_dana_uvjet, id_postignuce) VALUES
(3, 1), (10, 2), (30, 3), (60, 7), (100, 8), (365, 10);

-- Postotna postignuća
INSERT INTO postotno_postignuce (postotak_uvjet, id_postignuce) VALUES
(25, 4), (50, 5), (75, 9), (100, 6);

-- Tipovi proizvoda
INSERT INTO tip_proizvoda (id_tip_proizvoda, naziv) VALUES
(1, 'Cigareta'), (2, 'Nikotinska vrećica'), (3, 'Kubanka'), (4, 'Iqos'), (5, 'Nikotinski flaster'), (6, 'Nikotinska žvakaća'), (7, 'Ostalo');

-- Proizvodi
INSERT INTO proizvod (id_proizvod, opis, nikotin_sadrzaj, id_tip_proizvoda) VALUES
(1, 'Marlboro Gold', 1.6, 1), (2, 'Marlboro Red', 2.0, 1), (3, 'Cuba 17mg', 17.0, 2), (4, 'Cuba 43mg', 43.0, 2), (5, 'Kubanka 150mg', 150.0, 3), (6, 'Kubanka 200mg', 200.0, 3), (7, 'Iqos Blue', 1.2, 4), (8, 'Flaster 21mg', 21.0, 5), (9, 'Žvakaća 4mg', 4.0, 6), (10, 'Ostalo', 0.5, 7);

-- Korisnici
INSERT INTO korisnik (id_korisnik, uloga, ime, email, lozinka, datum_reg, id_proizvod) VALUES
(1, 1, 'Ivan Horvat', 'ivan.horvat@example.com', 'hashlozinke1', '2025-03-01', 1),
(2, 0, 'Ana Kovač', 'ana.kovac@example.com', 'hashlozinke2', '2025-03-02', 2),
(3, 0, 'Marko Marić', 'marko.maric@example.com', 'hashlozinke3', '2025-03-03', 3),
(4, 0, 'Petra Novak', 'petra.novak@example.com', 'hashlozinke4', '2025-03-04', 4),
(5, 0, 'Luka Babić', 'luka.babic@example.com', 'hashlozinke5', '2025-03-05', 5),
(6, 0, 'Ema Jurić', 'ema.juric@example.com', 'hashlozinke6', '2025-03-06', 6),
(7, 0, 'Karlo Perić', 'karlo.peric@example.com', 'hashlozinke7', '2025-03-07', 7),
(8, 0, 'Maja Radić', 'maja.radic@example.com', 'hashlozinke8', '2025-03-08', 8),
(9, 0, 'Dino Kovačević', 'dino.kovacevic@example.com', 'hashlozinke9', '2025-03-09', 9),
(10, 0, 'Sara Tomić', 'sara.tomic@example.com', 'hashlozinke10', '2025-03-10', 10);

-- Savjeti
INSERT INTO savjet (id_savjet, izvor, tekst, datum, id_korisnik) VALUES
(1, 'CHATGPT', 'Identificirajte okidače koji vas potiču na unos nikotinskih proizvoda', '2025-03-15', 2),
(2, 'CHATGPT', 'Suočite se žudnjom za unosom i imajte na umu da će proći', '2025-03-20', 3),
(3, 'CHATGPT', 'Zamijenite naviku unosom vode', '2025-03-10', 4),
(4, 'CHATGPT', 'Vježbajte kad osjetite potrebu za nikotinom', '2025-03-12', 5),
(5, 'CHATGPT', 'Razgovarajte s prijateljima o izazovima', '2025-03-14', 6),
(6, 'CHATGPT', 'Vodite dnevnik napretka', '2025-03-16', 7),
(7, 'CHATGPT', 'Nagradite se za svaki dan bez nikotina', '2025-03-18', 8),
(8, 'CHATGPT', 'Izbjegavajte okidače', '2025-03-20', 9),
(9, 'CHATGPT', 'Koristite aplikacije za praćenje napretka', '2025-03-22', 10),
(10, 'CHATGPT', 'Podsjetite se na razloge za prestanak', '2025-03-24', 1);

-- Ostvarena postignuća
INSERT INTO ostvario (id_korisnik, id_postignuce) VALUES
(1, 1), (2, 1), (2, 2), (3, 3), (4, 4), (5, 5), (6, 6), (7, 7), (8, 8), (9, 9), (10, 10);

-- Unos nikotina
INSERT INTO unos_nikotina (kolicina, datum, id_unos_nikotina, id_korisnik, id_proizvod) VALUES
-- 10 korisnika x 10 unosa, datumi od 2025-03-01 do 2025-03-30
(2, '2025-03-01', 1, 1, 1), (1, '2025-03-04', 2, 1, 2), (3, '2025-03-07', 3, 1, 3), (2, '2025-03-10', 4, 1, 4), (1, '2025-03-13', 5, 1, 5), (2, '2025-03-16', 6, 1, 6), (1, '2025-03-19', 7, 1, 7), (2, '2025-03-22', 8, 1, 8), (1, '2025-03-25', 9, 1, 9), (2, '2025-03-28', 10, 1, 10),
(2, '2025-03-02', 11, 2, 2), (1, '2025-03-05', 12, 2, 3), (3, '2025-03-08', 13, 2, 4), (2, '2025-03-11', 14, 2, 5), (1, '2025-03-14', 15, 2, 6), (2, '2025-03-17', 16, 2, 7), (1, '2025-03-20', 17, 2, 8), (2, '2025-03-23', 18, 2, 9), (1, '2025-03-26', 19, 2, 10), (2, '2025-03-29', 20, 2, 1),
(2, '2025-03-03', 21, 3, 3), (1, '2025-03-06', 22, 3, 4), (3, '2025-03-09', 23, 3, 5), (2, '2025-03-12', 24, 3, 6), (1, '2025-03-15', 25, 3, 7), (2, '2025-03-18', 26, 3, 8), (1, '2025-03-21', 27, 3, 9), (2, '2025-03-24', 28, 3, 10), (1, '2025-03-27', 29, 3, 1), (2, '2025-03-30', 30, 3, 2),
(2, '2025-03-01', 31, 4, 4), (1, '2025-03-04', 32, 4, 5), (3, '2025-03-07', 33, 4, 6), (2, '2025-03-10', 34, 4, 7), (1, '2025-03-13', 35, 4, 8), (2, '2025-03-16', 36, 4, 9), (1, '2025-03-19', 37, 4, 10), (2, '2025-03-22', 38, 4, 1), (1, '2025-03-25', 39, 4, 2), (2, '2025-03-28', 40, 4, 3),
(2, '2025-03-02', 41, 5, 5), (1, '2025-03-05', 42, 5, 6), (3, '2025-03-08', 43, 5, 7), (2, '2025-03-11', 44, 5, 8), (1, '2025-03-14', 45, 5, 9), (2, '2025-03-17', 46, 5, 10), (1, '2025-03-20', 47, 5, 1), (2, '2025-03-23', 48, 5, 2), (1, '2025-03-26', 49, 5, 3), (2, '2025-03-29', 50, 5, 4),
(2, '2025-03-03', 51, 6, 6), (1, '2025-03-06', 52, 6, 7), (3, '2025-03-09', 53, 6, 8), (2, '2025-03-12', 54, 6, 9), (1, '2025-03-15', 55, 6, 10), (2, '2025-03-18', 56, 6, 1), (1, '2025-03-21', 57, 6, 2), (2, '2025-03-24', 58, 6, 3), (1, '2025-03-27', 59, 6, 4), (2, '2025-03-30', 60, 6, 5),
(2, '2025-03-01', 61, 7, 7), (1, '2025-03-04', 62, 7, 8), (3, '2025-03-07', 63, 7, 9), (2, '2025-03-10', 64, 7, 10), (1, '2025-03-13', 65, 7, 1), (2, '2025-03-16', 66, 7, 2), (1, '2025-03-19', 67, 7, 3), (2, '2025-03-22', 68, 7, 4), (1, '2025-03-25', 69, 7, 5), (2, '2025-03-28', 70, 7, 6),
(2, '2025-03-02', 71, 8, 8), (1, '2025-03-05', 72, 8, 9), (3, '2025-03-08', 73, 8, 10), (2, '2025-03-11', 74, 8, 1), (1, '2025-03-14', 75, 8, 2), (2, '2025-03-17', 76, 8, 3), (1, '2025-03-20', 77, 8, 4), (2, '2025-03-23', 78, 8, 5), (1, '2025-03-26', 79, 8, 6), (2, '2025-03-29', 80, 8, 7),
(2, '2025-03-03', 81, 9, 9), (1, '2025-03-06', 82, 9, 10), (3, '2025-03-09', 83, 9, 1), (2, '2025-03-12', 84, 9, 2), (1, '2025-03-15', 85, 9, 3), (2, '2025-03-18', 86, 9, 4), (1, '2025-03-21', 87, 9, 5), (2, '2025-03-24', 88, 9, 6), (1, '2025-03-27', 89, 9, 7), (2, '2025-03-30', 90, 9, 8),
(2, '2025-03-01', 91, 10, 10), (1, '2025-03-04', 92, 10, 1), (3, '2025-03-07', 93, 10, 2), (2, '2025-03-10', 94, 10, 3), (1, '2025-03-13', 95, 10, 4), (2, '2025-03-16', 96, 10, 5), (1, '2025-03-19', 97, 10, 6), (2, '2025-03-22', 98, 10, 7), (1, '2025-03-25', 99, 10, 8), (2, '2025-03-28', 100, 10, 9);

-- Unos kupnje
INSERT INTO unos_kupnje (id_kupnja, datum, kolicina, cijena, id_korisnik, id_proizvod) VALUES
-- 10 korisnika x 10 unosa, datumi od 2025-03-01 do 2025-03-30
(1, '2025-03-01', 1, 150.00, 1, 2), (2, '2025-03-04', 2, 200.00, 1, 3), (3, '2025-03-07', 1, 100.00, 1, 4), (4, '2025-03-10', 2, 120.00, 1, 5), (5, '2025-03-13', 1, 80.00, 1, 6), (6, '2025-03-16', 2, 90.00, 1, 7), (7, '2025-03-19', 1, 110.00, 1, 8), (8, '2025-03-22', 2, 130.00, 1, 9), (9, '2025-03-25', 1, 140.00, 1, 10), (10, '2025-03-28', 2, 160.00, 1, 1),
(11, '2025-03-02', 1, 150.00, 2, 3), (12, '2025-03-05', 2, 200.00, 2, 4), (13, '2025-03-08', 1, 100.00, 2, 5), (14, '2025-03-11', 2, 120.00, 2, 6), (15, '2025-03-14', 1, 80.00, 2, 7), (16, '2025-03-17', 2, 90.00, 2, 8), (17, '2025-03-20', 1, 110.00, 2, 9), (18, '2025-03-23', 2, 130.00, 2, 10), (19, '2025-03-26', 1, 140.00, 2, 1), (20, '2025-03-29', 2, 160.00, 2, 2),
(21, '2025-03-03', 1, 150.00, 3, 4), (22, '2025-03-06', 2, 200.00, 3, 5), (23, '2025-03-09', 1, 100.00, 3, 6), (24, '2025-03-12', 2, 120.00, 3, 7), (25, '2025-03-15', 1, 80.00, 3, 8), (26, '2025-03-18', 2, 90.00, 3, 9), (27, '2025-03-21', 1, 110.00, 3, 10), (28, '2025-03-24', 2, 130.00, 3, 1), (29, '2025-03-27', 1, 140.00, 3, 2), (30, '2025-03-30', 2, 160.00, 3, 3),
(31, '2025-03-01', 1, 150.00, 4, 5), (32, '2025-03-04', 2, 200.00, 4, 6), (33, '2025-03-07', 1, 100.00, 4, 7), (34, '2025-03-10', 2, 120.00, 4, 8), (35, '2025-03-13', 1, 80.00, 4, 9), (36, '2025-03-16', 2, 90.00, 4, 10), (37, '2025-03-19', 1, 110.00, 4, 1), (38, '2025-03-22', 2, 130.00, 4, 2), (39, '2025-03-25', 1, 140.00, 4, 3), (40, '2025-03-28', 2, 160.00, 4, 4),
(41, '2025-03-02', 1, 150.00, 5, 6), (42, '2025-03-05', 2, 200.00, 5, 7), (43, '2025-03-08', 1, 100.00, 5, 8), (44, '2025-03-11', 2, 120.00, 5, 9), (45, '2025-03-14', 1, 80.00, 5, 10), (46, '2025-03-17', 2, 90.00, 5, 1), (47, '2025-03-20', 1, 110.00, 5, 2), (48, '2025-03-23', 2, 130.00, 5, 3), (49, '2025-03-26', 1, 140.00, 5, 4), (50, '2025-03-29', 2, 160.00, 5, 5),
(51, '2025-03-03', 1, 150.00, 6, 7), (52, '2025-03-06', 2, 200.00, 6, 8), (53, '2025-03-09', 1, 100.00, 6, 9), (54, '2025-03-12', 2, 120.00, 6, 10), (55, '2025-03-15', 1, 80.00, 6, 1), (56, '2025-03-18', 2, 90.00, 6, 2), (57, '2025-03-21', 1, 110.00, 6, 3), (58, '2025-03-24', 2, 130.00, 6, 4), (59, '2025-03-27', 1, 140.00, 6, 5), (60, '2025-03-30', 2, 160.00, 6, 6),
(61, '2025-03-01', 1, 150.00, 7, 8), (62, '2025-03-04', 2, 200.00, 7, 9), (63, '2025-03-07', 1, 100.00, 7, 10), (64, '2025-03-10', 2, 120.00, 7, 1), (65, '2025-03-13', 1, 80.00, 7, 2), (66, '2025-03-16', 2, 90.00, 7, 3), (67, '2025-03-19', 1, 110.00, 7, 4), (68, '2025-03-22', 2, 130.00, 7, 5), (69, '2025-03-25', 1, 140.00, 7, 6), (70, '2025-03-28', 2, 160.00, 7, 7),
(71, '2025-03-02', 1, 150.00, 8, 9), (72, '2025-03-05', 2, 200.00, 8, 10), (73, '2025-03-08', 1, 100.00, 8, 1), (74, '2025-03-11', 2, 120.00, 8, 2), (75, '2025-03-14', 1, 80.00, 8, 3), (76, '2025-03-17', 2, 90.00, 8, 4), (77, '2025-03-20', 1, 110.00, 8, 5), (78, '2025-03-23', 2, 130.00, 8, 6), (79, '2025-03-26', 1, 140.00, 8, 7), (80, '2025-03-29', 2, 160.00, 8, 8),
(81, '2025-03-03', 1, 150.00, 9, 10), (82, '2025-03-06', 2, 200.00, 9, 1), (83, '2025-03-09', 1, 100.00, 9, 2), (84, '2025-03-12', 2, 120.00, 9, 3), (85, '2025-03-15', 1, 80.00, 9, 4), (86, '2025-03-18', 2, 90.00, 9, 5), (87, '2025-03-21', 1, 110.00, 9, 6), (88, '2025-03-24', 2, 130.00, 9, 7), (89, '2025-03-27', 1, 140.00, 9, 8), (90, '2025-03-30', 2, 160.00, 9, 9),
(91, '2025-03-01', 1, 150.00, 10, 1), (92, '2025-03-04', 2, 200.00, 10, 2), (93, '2025-03-07', 1, 100.00, 10, 3), (94, '2025-03-10', 2, 120.00, 10, 4), (95, '2025-03-13', 1, 80.00, 10, 5), (96, '2025-03-16', 2, 90.00, 10, 6), (97, '2025-03-19', 1, 110.00, 10, 7), (98, '2025-03-22', 2, 130.00, 10, 8), (99, '2025-03-25', 1, 140.00, 10, 9), (100, '2025-03-28', 2, 160.00, 10, 10);
